customer_id,first_name,last_name,email,address_line1,address_line2,city,postcode,phone_num,special_notes
1,Darren,Hill,darrenhill@outlook.com,14 London Terrace,,London,E2 7SQ,(020) 5580 6861,
2,Amy,Swane,amyswane@gmail.com,Flat 2,122 St Katharines Way,London,E1W 1UJ,(020) 1137 5241,
3,Ardith,Eede,arditheede@gmail.com,28 Camden Road,,London,E11 2JP,(01708) 232668,
4,Cointon,Leal,cointonleal@yahoo.com,5 Trevose Road,,London,E17 4DS,(01708) 162265,
5,Cornie,Micheu,corniemicheu@gmail.com,Flat 6,2 Kings Close,London,E10 5BB,(020) 6440 7257,
6,David,Hesketh,davidhesketh@yahoo.com,87 Park Grove Road,,London,E11 4PT,(020) 1875 7542,
7,Derek,Morrow,derekmorrow@outlook.com,15 St Johns Road,,London,E6 1NW,(01708) 153825,
8,Freida,Hulburt,freidahulburt@outlook.com,14 Canning Road,,London,SW1 3NW,(020) 4646 5811,
9,Ami,Todeo,amitodeo@gmail.com,Flat 5,4 - 6 Davenant Street,London,E16 4ST,(020) 8675 5833,
10,Cosetta,McWilliams,cosettamcwilliams@outlook.com,15 Cedars Avenue,,London,E17 7QL,(020) 5485 5387,Uses a motorised wheelchair
11,Richard,Leach,richardleach@gmail.com,Flat 2,2 New Goulston Street,London,E1 7PR,(020) 6010 0244,
12,Sinclare,Wooder,sinclarewooder@gmail.com,5 Shaw Square,,London,E17 5JB,(020) 4718 4008,
13,Wayland,Jeroch,waylandjeroch@gmail.com,26 Turner Street,,London,E1 2AS,(020) 0406 8870,
14,Winfield,Wogan,winfieldwogan@yahoo.com,8 Widdin Street,,London,SW1 4RY,(020) 5516 6306,Needs to sit near front
15,John,Brown,johnbrown@outlook.com,122 Keogh Road,,London,SW1 4NT,(020) 6247 1718,
16,Amii,Polet,amiipolet@gmail.com,24 Marshfield Street,,London,E14 3HQ,(020) 0502 2727,
17,Andie,Ashley,andieashley@yahoo.com,8 Poppleton Road,,London,E11 1LR,(01708) 688377,
18,Crissie,Klug,crissieklug@outlook.com,142 Leyton Road,,London,SW1 1DR,(020) 6308 6418,
19,Eilis,Ferrand,eilisferrand@gmail.com,Flat 5,110 The Grove,London,SW1 1NR,(020) 7067 2145,
20,Michal,Krawczyk,michalkrawczyk@gmail.com,Flat 2,White Horse Lane,London,E1 4QS,(020) 0330 1830,
21,Tracy,Dunn,tracydunn@gmail.com,48 Taeping Street,,London,E14 9UT,(020) 8056 1866,
22,Remy,Stower,remystower@outlook.com,12 Pengelly Apartments,9 Bartlett Mews,London,E14 3GT,(020) 1257 4614,
23,Blinni,Quakley,blinniquakley@gmail.com,48 Boundary Road,,London,E13 9PR,(01708) 022736,
24,Doll,Berfoot,dollberfoot@gmail.com,Flat 48,Bromley High Street,London,E3 3BQ,(020) 6438 3010,
25,Erica,Coaker,ericacoaker@outlook.com,14 Sandford Road,,East Ham,E6 3QJ,(01708) 556681,
26,Hattie,Pacquet,hattiepacquet@yahoo.com,7 East Road,,London,SW1 3QS,(020) 3554 1476,
27,Roz,Sclater,rozsclater@gmail.com,Flat 1504,4 Prestons Road,London,E14 9EX,(020) 2455 7425,
28,Sileas,Hoy,sileashoy@gmail.com,24 Blanche Street,,London,E16 4JR,(020) 7864 7021,
29,Archy,Goodee,archygoodee@outlook.com,12 Oswald Street,,London,E5 0BT,(020) 2021 6041,
30,Jeffie,Westcott,jeffiewestcott@gmail.com,Flat 42,78 Kingsland Road,London,E2 8DP,(020) 2188 0213,
31,Jeffy,Maidlow,jeffymaidlow@gmail.com,Flat 15,Tiller Road,London,E14 8PT,(020) 5616 5047,
32,John,Collinson,johncollinson@gmail.com,46 Belgrave Road,,London,E11 3QW,(01708) 257222,Registered disabled (mobility)
33,Kerwin,Minihane,kerwinminihane@yahoo.com,68A Sixth Avenue,,London,E12 5PR,(01708) 618485,
34,Mark,Fitton,markfitton@gmail.com,220 Grantham Road,,London,E12 5ND,(01708) 787071,
35,Zak,Kuhl,zakkuhl@outlook.com,12 Mornington Road,,London,E11 3BE,(01708) 744712,
36,Anastassia,Geharke,anastassiageharke@gmail.com,Flat 42,1 Rembrandt Close,London,E14 3XA,(020) 2467 7001,
37,David,Collins,davidcollins@gmail.com,Flat 147,340 The Highway,London,E1W 3EU,(020) 6350 4606,
38,Lib,Lutsch,liblutsch@yahoo.com,67 London Road,,London,E13 0DF,(020) 5314 5510,
39,Maria,Roche,mariaroche@gmail.com,201 Sixth Avenue,,London,E12 5PT,(01708) 587255,
40,Rica,Hail,ricahail@gmail.com,40 Shacklewell Lane,,London,E8 2EZ,(020) 1140 5414,
41,Susan,Jackson,susanjackson@outlook.com,116 Osborne Road,,Forest Gate,E7 0PL,(01708) 061143,
42,Andrew,Roberts,andrewroberts@gmail.com,4 Quilter Street,,London,E2 7BT,(020) 1751 8130,
43,Ann,Hall,annhall@gmail.com,2 Gerry Raffles Square,,London,SW1 1BG,(020) 8607 0642,
44,David,Clarke,davidclarke@gmail.com,Flat 401,37 Commercial Road,London,E1 1LF,(020) 7458 0770,
45,Idalina,Weeke,idalinaweeke@yahoo.com,67 Acacia Road,,Walthamstow,E17 8BN,(020) 1078 8338,
46,Mark,Jordan,markjordan@gmail.com,Flat 12,3 Brockway Close,London,E11 4TE,(020) 2000 0025,
47,Ileana,Guitton,ileanaguitton@outlook.com,115 Hatherley Gardens,,London,E6 3HD,(01708) 451733,
48,Adam,Redford,adamredford@yahoo.com,65 Rendlesham Road,,London,E5 8PJ,(020) 1366 6714,
49,Daniel,Nicholson,danielnicholson@gmail.com,32 Walsingham Road,,London,E5 8NF,(020) 6641 8020,
50,Duncan,McColl,duncanmccoll@gmail.com,193 Boleyn Road,,Forest Gate,E7 9QH,(01708) 378271,
51,Godard,Seedman,godardseedman@gmail.com,Flat 10,87 - 91 Hackney Road,London,E2 8FE,(020) 4452 5786,
52,Samantha,Kenyon,samanthakenyon@gmail.com,Flat 4,Kerbey Street,London,E14 6AP,(020) 7274 3445,
53,Lynda,Bentley,lyndabentley@outlook.com,110 Jack Clow Road,,London,SW1 3AS,(020) 3282 3208,
54,Audrey,Bishop,audreybishop@gmail.com,19 Randolph Road,,London,E17 9NR,(020) 0074 1188,
55,Brian,Jeffcoat,brianjeffcoat@gmail.com,Unit 2 Dorma Trading Park,,London,E10 7QX,(020) 5885 7761,Suffers from anxiety
56,Constantine,Ledamun,constantineledamun@gmail.com,31B Haroldstone Road,,London,E17 7AN,(020) 3660 7787,
57,Galina,McAllaster,galinamcallaster@gmail.com,Flat 1,Buckhurst Street,London,E1 5QY,(020) 2687 4114,
58,Kassey,Braunfeld,kasseybraunfeld@yahoo.com,65 Desford Road,,London,E16 4NJ,(020) 2783 8624,
59,Maureen,Heal,maureenheal@gmail.com,Flat 4,124 Wapping High Street,London,E1W 2NJ,(020) 6250 6156,Suffers from anxiety
60,Marchelle,McLean,marchellemclean@outlook.com,11 Carnarvon Road,,London,E10 6DW,(020) 2265 4702,Onset of dementia
61,Danni,Dashkov,dannidashkov@gmail.com,Flat 311,4 Westferry Road,London,E14 8JL,(020) 3432 3562,
62,Grant,Dawson,grantdawson@gmail.com,Flat 1,Derwent House,London,E3 4PU,(020) 6671 6468,
63,Nasar,Mahmood,nasarmahmood@yahoo.com,61 Kimberley Avenue,,London,E6 3BE,(01708) 122266,
64,Shelagh,Bickham,shelaghbickham@gmail.com,Quay House,2 Admirals Way,London,E14 9XG,(020) 1137 2688,
65,Steven,Dolan,stevendolan@gmail.com,314 The Loft Westfield Stratford City,Montfichet Road,London,E20 1ET,(020) 5526 5858,
66,Vanessa,Seeger,vanessaseeger@gmail.com,183 Shrewsbury Road,,London,E7 8QH,(01708) 422082,Registered disabled (blind)
67,Tommie,Kollaschek,tommiekollaschek@outlook.com,10B Stondon Walk,,London,E6 1LZ,(01708) 787665,
68,Adrian,Hadcock,adrianhadcock@gmail.com,Flat 30,Gill Street,London,E14 8HG,(020) 6055 6832,
69,Eileen,McDermott,eileenmcdermott@gmail.com,30 Ming Street,,London,E14 8HT,(020) 3275 8448,
70,Eimile,Bruun,eimilebruun@gmail.com,Apartment 624,4 Oakland Quay,London,E14 9EA,(020) 1720 5754,
71,Philip,Burrough,philipburrough@yahoo.com,60 Credon Road,,London,E13 9DR,(01708) 407412,
72,Salvidor,Skelhorn,salvidorskelhorn@gmail.com,Ground Floor Flat,53 Upper Clapton Road,London,E5 8AY,(020) 0117 1403,
73,Stephen,Norman,stephennorman@gmail.com,181 Colchester Road,,Leyton,E10 6HG,(020) 2421 7324,
74,Helen,French,helenfrench@outlook.com,108A Vansittart Road,,London,E7 0AA,(01708) 778342,
75,Fey,Pallent,feypallent@gmail.com,Flat 3,93 Upper Clapton Road,London,E5 9BU,(020) 2315 1513,
76,Fiona,Jones,fionajones@gmail.com,30 Harrington Hill,,London,E5 9EY,(020) 5227 2135,
77,Gunar,Hacquel,gunarhacquel@yahoo.com,6 Fulbourne Road,,London,E17 4EE,(01708) 631166,
78,Hazel,Brookes,hazelbrookes@gmail.com,18 Woodbine Place,,London,E11 2RH,(01708) 253425,
79,Laura,Hancock,laurahancock@gmail.com,Garage 16,Wanstead,London,E11 1PD,(01708) 850745,
80,Richard,Hayter,richardhayter@gmail.com,Apartment 305,24 Goldsmiths Row,London,E2 8GL,(020) 2037 0576,
81,Kincaid,Milner,kincaidmilner@outlook.com,10 Heatherwood Close,,London,E12 5SB,(01708) 662131,
82,Floris,Bosket,florisbosket@gmail.com,98B Mile End Road,,London,E1 4UN,(020) 4353 1713,
83,Joeann,Hayhurst,joeannhayhurst@yahoo.com,6 Corbicum,,London,E11 1AW,(01708) 075501,
84,Karen,Angell,karenangell@gmail.com,Flat 28,Thornfield House,London,E14 8EW,(020) 2380 3623,
85,Keith,Germaine,keithgermaine@gmail.com,Flat A,35 Poppleton Road,London,E11 1LP,(01708) 563836,
86,Roman,MacGorrie,romanmacgorrie@outlook.com,18 Pier Road,,London,E16 2LH,(01708) 038568,
87,Stan,McGettigan,stanmcgettigan@gmail.com,3 Sanctuary Mews,,London,E8 3BD,(020) 3620 8035,
88,Cathleen,Brierley,cathleenbrierley@gmail.com,96 Copenhagen Place,,London,E14 7DE,(020) 6252 2758,
89,Leonora,Radcliffe,leonoraradcliffe@gmail.com,Flat 27,4 Overbury Street,London,E5 0TF,(020) 7515 6706,
90,Mitchell,Noblet,mitchellnoblet@gmail.com,Flat 7,Jackman Street,London,E8 4QY,(020) 3835 4887,
91,Niki,Sich,nikisich@yahoo.com,6 Belle Vue Lodge,Connaught Avenue,London,E4 7AB,(01708) 664310,
92,Sandor,Krystek,sandorkrystek@gmail.com,292 High Road Leyton,,London,E10 5PW,(020) 6500 5168,
93,Terence,Harris,terenceharris@outlook.com,16 Higham Hill Road,,London,E17 6ER,(020) 7323 1357,
94,Christoph,Jolliss,christophjolliss@gmail.com,Flat 7,4 Darndale Close,London,E17 5LH,(020) 5251 6546,
95,Debra,Duke,debraduke@outlook.com,16 Alma Street,,London,SW1 1QA,(020) 3860 7850,
96,Florella,Korous,florellakorous@yahoo.com,90A Markhouse Road,,London,E17 8BG,(020) 6377 2272,
97,Michael,Gibbons,michaelgibbons@yahoo.com,51 Brookfield Avenue,,London,E17 9ER,(020) 0751 1252,
98,Shelley,De la Perrelle,shelleyde la perrelle@gmail.com,Flat 20,Wolffe Gardens,London,SW1 4JL,(020) 5656 7446,
99,Timothy,Cargill,timothycargill@gmail.com,28 Kingspark Court,,London,E18 2DD,(01708) 860127,